{
  "//": "BR Item Shop Config",
  "daily1": {
    "itemGrants": [
      "AthenaCharacter:CID_770_Athena_Commando_F_MechanicalEngineer"
    ],
    "price": 1500
  },
  "daily2": {
    "itemGrants": [
      "AthenaCharacter:CID_734_Athena_Commando_F_BannerRed"
    ],
    "price": 800
  },
  "daily3": {
    "itemGrants": [
      "AthenaDance:EID_Troops"
    ],
    "price": 200
  },
  "daily4": {
    "itemGrants": [
      "AthenaBackpack:Backpack_TiltedParrotFrog"
    ],
    "price": 1200
  },
  "daily5": {
    "itemGrants": [
      "AthenaGlider:Glider_ID_164_GraffitiRemix"
    ],
    "price": 800
  },
  "daily6": {
    "itemGrants": [
      "AthenaPickaxe:Pickaxe_ID_726_KittyWarriorMale"
    ],
    "price": 800
  },
  "daily7": {
    "itemGrants": [
      "AthenaLoadingscreen:LSID_449_PinkWidow"
    ],
    "price": 200
  },
  "daily8": {
    "itemGrants": [
      "AthenaEmoji:Emoji_OnFire"
    ],
    "price": 200
  },
  "featured1": {
    "itemGrants": [
      "AthenaCharacter:Character_LoudPhoenix"
    ],
    "price": 2000
  },
  "featured2": {
    "itemGrants": [
      "AthenaCharacter:CID_303_Athena_Commando_F_SnowFairy"
    ],
    "price": 1500
  },
  "featured3": {
    "itemGrants": [
      "AthenaDance:EID_VectorSpark"
    ],
    "price": 500
  },
  "featured4": {
    "itemGrants": [
      "AthenaBackpack:BID_111_ClownFemale"
    ],
    "price": 1500
  },
  "featured5": {
    "itemGrants": [
      "AthenaGlider:Glider_ID_151_StormSoldier"
    ],
    "price": 1200
  },
  "featured6": {
    "itemGrants": [
      "AthenaPickaxe:Pickaxe_ID_103_FortniteDJ"
    ],
    "price": 800
  },
  "featured7": {
    "itemGrants": [
      "AthenaLoadingscreen:LSID_289_YogurtJonesy"
    ],
    "price": 200
  },
  "featured8": {
    "itemGrants": [
      "AthenaEmoji:Emoji_S24_EbonyNarrative_QuestReward"
    ],
    "price": 200
  }
}